{
  "timestamp": "2025-10-01 00:19:37",
  "raw_results": {
    "original": {
      "init_times": [
        1.752969741821289,
        1.7309961318969727
      ],
      "response_times": [
        7.557868957519531e-05,
        1.8835067749023438e-05,
        2.1457672119140625e-05,
        1.5497207641601562e-05,
        1.5735626220703125e-05,
        4.8160552978515625e-05,
        1.9311904907226562e-05,
        2.86102294921875e-05,
        2.0503997802734375e-05,
        2.193450927734375e-05
      ],
      "memory_usage": [
        648.5,
        651.46484375
      ]
    },
    "optimized": {
      "init_times": [
        1.6706058979034424,
        2.5316054821014404
      ],
      "response_times": [
        4.982948303222656e-05,
        1.430511474609375e-05,
        2.193450927734375e-05,
        1.52587890625e-05,
        1.5974044799804688e-05,
        4.482269287109375e-05,
        1.811981201171875e-05,
        2.3365020751953125e-05,
        1.621246337890625e-05,
        1.7404556274414062e-05
      ],
      "memory_usage": [
        649.49609375,
        650.49609375
      ]
    }
  },
  "analysis": {
    "init_improvement": -20.615744594538,
    "response_improvement": 16.9449081803005,
    "memory_reduction": -0.002103422268030085,
    "total_improvement": -1.8354182071187495
  }
}